"Disulfide by Design",2.13
"Input File","A0A0S3G5Y8_swissmodel.pdb"
"Input File Model",1
"Number of complete residues",194
"Optimum Chi3 angle: +97/-87 with Tolerance",30.00
"Optimum Ca-Cb-S angle: 114.60 with Tolerance",10.00
"Check for INTER-chain disulfides",True
"Check for INTRA-chain disulfides",True

"Res1 Chain","Res1 Seq #","Res1 AA","Res2 Chain","Res2 Seq #","Res2 AA","Chi3","Energy","Sum B-Factors"
"A",28,"THR","A",54,"PHE",-100.66,3.34,1.97
"A",29,"ASP","A",52,"GLY",105.08,2.59,1.95
"A",32,"GLY","A",50,"ASN",101.73,1.86,1.96
"A",57,"GLY","A",186,"VAL",-67.65,1.46,1.98
"A",63,"GLY","A",182,"TRP",107.68,6.15,1.98
"A",64,"SER","A",67,"ARG",125.48,6.67,1.96
"A",73,"ALA","A",156,"THR",-116.78,6.25,1.98
"A",78,"PRO","A",82,"GLY",71.11,4.32,1.98
"A",82,"GLY","A",191,"GLY",-96.24,4.62,1.97
"A",84,"LEU","A",102,"SER",119.61,4.13,1.98
"A",88,"GLY","A",185,"GLN",-64.10,2.05,1.98
"A",91,"ARG","A",181,"ILE",-106.49,6.07,1.98
"A",101,"ASP","A",154,"ARG",-103.58,3.66,1.98
"A",110,"GLY","A",126,"TYR",-61.79,7.00,1.98
"A",110,"GLY","A",128,"THR",-91.28,3.72,1.98
"A",113,"LYS","A",125,"ILE",124.62,6.08,1.98
"A",113,"LYS","A",174,"HIS",-111.93,5.55,1.98
"A",116,"VAL","A",170,"ALA",-79.38,3.81,1.98
"A",118,"SER","A",166,"ASN",-99.75,1.50,1.98
"A",123,"TYR","A",148,"SER",96.07,4.19,1.98
"A",130,"ARG","A",133,"ALA",-102.15,5.14,1.93
"A",171,"TRP","A",176,"MET",-94.39,4.21,1.98
